{
"type": "FeatureCollection",
                                                                                
"features": [
{ "type": "Feature", "id": 52, "properties": { "PM10": 16.042000 }, "geometry": { "type": "Point", "coordinates": [ 9.585911, 53.670571001581003 ] } },
{ "type": "Feature", "id": 53, "properties": { "PM10": 15.792000 }, "geometry": { "type": "Point", "coordinates": [ 9.68503, 53.524180001628906 ] } },
{ "type": "Feature", "id": 54, "properties": { "PM10": 16.833000 }, "geometry": { "type": "Point", "coordinates": [ 11.220172, 47.968754002278025 ] } },
{ "type": "Feature", "id": 55, "properties": { "PM10": 15.750000 }, "geometry": { "type": "Point", "coordinates": [ 13.647013, 52.447750001938005 ] } },
{ "type": "Feature", "id": 56, "properties": { "PM10": 12.375000 }, "geometry": { "type": "Point", "coordinates": [ 13.225856, 52.473091001931607 ] } },
{ "type": "Feature", "id": 57, "properties": { "PM10": 8.875000 }, "geometry": { "type": "Point", "coordinates": [ 8.928171, 51.430897002155618 ] } },
{ "type": "Feature", "id": 58, "properties": { "PM10": 14.043000 }, "geometry": { "type": "Point", "coordinates": [ 6.552036, 49.41688500234978 ] } },
{ "type": "Feature", "id": 59, "properties": { "PM10": 14.625000 }, "geometry": { "type": "Point", "coordinates": [ 6.874553, 51.862000002072605 ] } },
{ "type": "Feature", "id": 60, "properties": { "PM10": 9.000000 }, "geometry": { "type": "Point", "coordinates": [ 10.240623, 54.093233001435408 ] } },
{ "type": "Feature", "id": 61, "properties": { "PM10": 11.000000 }, "geometry": { "type": "Point", "coordinates": [ 12.611125, 50.431322002293037 ] } },
{ "type": "Feature", "id": 62, "properties": { "PM10": 9.000000 }, "geometry": { "type": "Point", "coordinates": [ 13.009405, 51.303772002177411 ] } },
{ "type": "Feature", "id": 63, "properties": { "PM10": 22.083000 }, "geometry": { "type": "Point", "coordinates": [ 10.375299, 50.561752002279562 ] } },
{ "type": "Feature", "id": 64, "properties": { "PM10": 19.913000 }, "geometry": { "type": "Point", "coordinates": [ 8.403838, 49.082428002349459 ] } },
{ "type": "Feature", "id": 65, "properties": { "PM10": 19.000000 }, "geometry": { "type": "Point", "coordinates": [ 8.403916442876161, 49.082498519690837 ] } },
{ "type": "Feature", "id": 66, "properties": { "PM10": 16.458000 }, "geometry": { "type": "Point", "coordinates": [ 8.80122, 53.830170001527343 ] } },
{ "type": "Feature", "id": 67, "properties": { "PM10": 13.042000 }, "geometry": { "type": "Point", "coordinates": [ 8.81725, 49.65346500234422 ] } },
{ "type": "Feature", "id": 68, "properties": { "PM10": 14.500000 }, "geometry": { "type": "Point", "coordinates": [ 11.362965, 53.302352001698843 ] } },
{ "type": "Feature", "id": 69, "properties": { "PM10": 16.417000 }, "geometry": { "type": "Point", "coordinates": [ 12.064708, 53.817775001531551 ] } },
{ "type": "Feature", "id": 70, "properties": { "PM10": 11.875000 }, "geometry": { "type": "Point", "coordinates": [ 14.015253, 52.56383500190843 ] } },
{ "type": "Feature", "id": 71, "properties": { "PM10": 7.083000 }, "geometry": { "type": "Point", "coordinates": [ 8.950597, 51.830952002079059 ] } },
{ "type": "Feature", "id": 72, "properties": { "PM10": 10.083000 }, "geometry": { "type": "Point", "coordinates": [ 11.661233, 50.791616002252567 ] } },
{ "type": "Feature", "id": 74, "properties": { "PM10": 13.417000 }, "geometry": { "type": "Point", "coordinates": [ 8.09059, 53.596170001605515 ] } },
{ "type": "Feature", "id": 75, "properties": { "PM10": 14.696000 }, "geometry": { "type": "Point", "coordinates": [ 14.257407, 53.520456001630102 ] } },
{ "type": "Feature", "id": 76, "properties": { "PM10": 16.625000 }, "geometry": { "type": "Point", "coordinates": [ 12.561389, 52.1942250019993 ] } },
{ "type": "Feature", "id": 77, "properties": { "PM10": 17.167000 }, "geometry": { "type": "Point", "coordinates": [ 12.781385, 48.182835002300273 ] } },
{ "type": "Feature", "id": 78, "properties": { "PM10": 13.667000 }, "geometry": { "type": "Point", "coordinates": [ 11.721605, 50.323242002303118 ] } },
{ "type": "Feature", "id": 79, "properties": { "PM10": 12.083000 }, "geometry": { "type": "Point", "coordinates": [ 8.191934, 50.930328002234241 ] } },
{ "type": "Feature", "id": 80, "properties": { "PM10": 11.500000 }, "geometry": { "type": "Point", "coordinates": [ 13.031661, 53.141304001747642 ] } },
{ "type": "Feature", "id": 81, "properties": { "PM10": 7.000000 }, "geometry": { "type": "Point", "coordinates": [ 13.03179236807842, 53.141348647405486 ] } },
{ "type": "Feature", "id": 82, "properties": { "PM10": 11.250000 }, "geometry": { "type": "Point", "coordinates": [ 11.134591, 50.49995500228615 ] } },
{ "type": "Feature", "id": 83, "properties": { "PM10": 15.208000 }, "geometry": { "type": "Point", "coordinates": [ 11.777817, 48.853211002343656 ] } },
{ "type": "Feature", "id": 84, "properties": { "PM10": 22.208000 }, "geometry": { "type": "Point", "coordinates": [ 8.753834, 49.464813002349047 ] } },
{ "type": "Feature", "id": 85, "properties": { "PM10": 14.000000 }, "geometry": { "type": "Point", "coordinates": [ 8.753956066628488, 49.464893320348622 ] } },
{ "type": "Feature", "id": 87, "properties": { "PM10": 17.476000 }, "geometry": { "type": "Point", "coordinates": [ 7.826521, 49.270263002350838 ] } },
{ "type": "Feature", "id": 88, "properties": { "PM10": 12.000000 }, "geometry": { "type": "Point", "coordinates": [ 13.675005, 51.119511002206821 ] } },
{ "type": "Feature", "id": 89, "properties": { "PM10": 18.875000 }, "geometry": { "type": "Point", "coordinates": [ 8.516797, 49.825161002337268 ] } },
{ "type": "Feature", "id": 90, "properties": { "PM10": 20.042000 }, "geometry": { "type": "Point", "coordinates": [ 7.908036, 47.913258002271597 ] } },
{ "type": "Feature", "id": 91, "properties": { "PM10": 12.000000 }, "geometry": { "type": "Point", "coordinates": [ 7.908115373668452, 47.913342203754752 ] } },
{ "type": "Feature", "id": 92, "properties": { "PM10": 10.333000 }, "geometry": { "type": "Point", "coordinates": [ 10.769533, 50.654066002269253 ] } },
{ "type": "Feature", "id": 93, "properties": { "PM10": 7.000000 }, "geometry": { "type": "Point", "coordinates": [ 10.769674500530876, 50.654154362728889 ] } },
{ "type": "Feature", "id": 94, "properties": { "PM10": 13.000000 }, "geometry": { "type": "Point", "coordinates": [ 13.465077, 50.65909700226868 ] } },
{ "type": "Feature", "id": 95, "properties": { "PM10": 14.292000 }, "geometry": { "type": "Point", "coordinates": [ 7.76435, 47.808469002258654 ] } },
{ "type": "Feature", "id": 96, "properties": { "PM10": 15.000000 }, "geometry": { "type": "Point", "coordinates": [ 7.764481068940752, 47.808517275458861 ] } },
{ "type": "Feature", "id": 97, "properties": { "PM10": 20.500000 }, "geometry": { "type": "Point", "coordinates": [ 9.207747, 48.345402002314437 ] } },
{ "type": "Feature", "id": 98, "properties": { "PM10": 19.000000 }, "geometry": { "type": "Point", "coordinates": [ 9.20783327779783, 48.345484202785762 ] } },
{ "type": "Feature", "id": 99, "properties": { "PM10": 15.042000 }, "geometry": { "type": "Point", "coordinates": [ 6.28107, 50.65323600226936 ] } },
{ "type": "Feature", "id": 100, "properties": { "PM10": 13.783000 }, "geometry": { "type": "Point", "coordinates": [ 8.148061, 51.570660002130204 ] } },
{ "type": "Feature", "id": 101, "properties": { "PM10": 10.833000 }, "geometry": { "type": "Point", "coordinates": [ 9.577714, 51.759750002093519 ] } },
{ "type": "Feature", "id": 102, "properties": { "PM10": 11.667000 }, "geometry": { "type": "Point", "coordinates": [ 14.057064, 51.897598002065152 ] } },
{ "type": "Feature", "id": 103, "properties": { "PM10": 13.542000 }, "geometry": { "type": "Point", "coordinates": [ 12.54887, 49.438465002349467 ] } },
{ "type": "Feature", "id": 104, "properties": { "PM10": 11.333000 }, "geometry": { "type": "Point", "coordinates": [ 11.043383, 51.662452002112744 ] } },
{ "type": "Feature", "id": 105, "properties": { "PM10": 11.542000 }, "geometry": { "type": "Point", "coordinates": [ 10.756733, 52.800770001845187 ] } },
{ "type": "Feature", "id": 106, "properties": { "PM10": 9.000000 }, "geometry": { "type": "Point", "coordinates": [ 10.756852922580123, 52.800850709859908 ] } },
{ "type": "Feature", "id": 107, "properties": { "PM10": 12.652000 }, "geometry": { "type": "Point", "coordinates": [ 9.935862, 50.49771100228638 ] } },
{ "type": "Feature", "id": 108, "properties": { "PM10": 14.792000 }, "geometry": { "type": "Point", "coordinates": [ 9.573016, 48.884487002344713 ] } },
{ "type": "Feature", "id": 109, "properties": { "PM10": 15.000000 }, "geometry": { "type": "Point", "coordinates": [ 9.573094982850991, 48.884537723994249 ] } },
{ "type": "Feature", "id": 110, "properties": { "PM10": 13.333000 }, "geometry": { "type": "Point", "coordinates": [ 11.16705, 52.957020001801411 ] } },
{ "type": "Feature", "id": 111, "properties": { "PM10": 13.833000 }, "geometry": { "type": "Point", "coordinates": [ 6.380622, 50.26631900230808 ] } },
{ "type": "Feature", "id": 112, "properties": { "PM10": 15.125000 }, "geometry": { "type": "Point", "coordinates": [ 8.308208, 54.92496900111864 ] } },
{ "type": "Feature", "id": 113, "properties": { "PM10": 14.000000 }, "geometry": { "type": "Point", "coordinates": [ 8.308305170636377, 54.925036304257397 ] } },
{ "type": "Feature", "id": 114, "properties": { "PM10": 12.750000 }, "geometry": { "type": "Point", "coordinates": [ 7.972717, 50.766750002255712 ] } },
{ "type": "Feature", "id": 115, "properties": { "PM10": 13.125000 }, "geometry": { "type": "Point", "coordinates": [ 7.732456, 50.424568002293704 ] } },
{ "type": "Feature", "id": 116, "properties": { "PM10": 18.250000 }, "geometry": { "type": "Point", "coordinates": [ 7.293522, 49.423138002349688 ] } },
{ "type": "Feature", "id": 117, "properties": { "PM10": 7.917000 }, "geometry": { "type": "Point", "coordinates": [ 9.774589, 51.291757002179374 ] } },
{ "type": "Feature", "id": 118, "properties": { "PM10": 8.792000 }, "geometry": { "type": "Point", "coordinates": [ 10.61248, 51.758160002093852 ] } },
{ "type": "Feature", "id": 119, "properties": { "PM10": 11.348000 }, "geometry": { "type": "Point", "coordinates": [ 11.17235, 52.593169001900819 ] } },
{ "type": "Feature", "id": 120, "properties": { "PM10": 15.167000 }, "geometry": { "type": "Point", "coordinates": [ 12.721938, 54.436985001309225 ] } },
{ "type": "Feature", "id": 121, "properties": { "PM10": 12.000000 }, "geometry": { "type": "Point", "coordinates": [ 12.722049616609864, 54.437068413320745 ] } },
{ "type": "Feature", "id": 186, "properties": { "PM10": 8.000000 }, "geometry": { "type": "Point", "coordinates": [ 14.38217, 53.122297001753282 ] } }
]
}
